algorithm,threads,read_prop,value_size,txn_size,num_clients,num_servers,num_key,distribution,zipfian_constant,throughput,average_latency,read_latency,write_latency,99th_latency,95th_latency
EIGER,2,0.9,128,5,8,8,1000000,zipfian-0.800000,0.8,1454.912,2.12,1.98,3.35,7.36,2.39
EIGER,4,0.9,128,5,8,8,1000000,zipfian-0.800000,0.8,2191.296,2.82,2.62,4.59,10.88,4.75
EIGER,8,0.9,128,5,8,8,1000000,zipfian-0.800000,0.8,2895.712,4.27,3.99,6.80,15.29,9.11
EIGER,16,0.9,128,5,8,8,1000000,zipfian-0.800000,0.8,3497.314,7.07,6.67,10.68,25.39,16.39
EIGER,32,0.9,128,5,8,8,1000000,zipfian-0.800000,0.8,3629.424,13.64,13.17,17.83,61.34,39.18
EIGER,64,0.9,128,5,8,8,1000000,zipfian-0.800000,0.8,3521.09,28.13,27.92,30.01,28.13,42.82
EIGER,128,0.9,128,5,8,8,1000000,zipfian-0.800000,0.8,3230.152,61.41,62.21,54.28,61.41,61.41
EIGER,256,0.9,128,5,8,8,1000000,zipfian-0.800000,0.8,2772.768,143.11,146.63,111.26,143.11,143.11
EIGER,512,0.9,128,5,8,8,1000000,zipfian-0.800000,0.8,2301.284,346.96,356.84,258.60,346.96,346.96
