algorithm,threads,read_prop,value_size,txn_size,num_clients,num_servers,num_key,distribution,zipfian_constant,throughput,average_latency,read_latency,write_latency,99th_latency,95th_latency
EIGER_PORT_PLUS_PLUS,2,0.9,128,5,8,8,1000000,zipfian-0.800000,0.8,1396.786,2.21,2.20,2.33,7.54,2.90
EIGER_PORT_PLUS_PLUS,4,0.9,128,5,8,8,1000000,zipfian-0.800000,0.8,2195.2619999999997,2.82,2.81,2.95,10.94,5.14
EIGER_PORT_PLUS_PLUS,8,0.9,128,5,8,8,1000000,zipfian-0.800000,0.8,3047.202,4.06,4.05,4.12,14.63,8.50
EIGER_PORT_PLUS_PLUS,16,0.9,128,5,8,8,1000000,zipfian-0.800000,0.8,3882.078,6.38,6.37,6.45,22.61,12.29
EIGER_PORT_PLUS_PLUS,32,0.9,128,5,8,8,1000000,zipfian-0.800000,0.8,4475.368,11.06,11.06,11.13,37.42,22.02
EIGER_PORT_PLUS_PLUS,64,0.9,128,5,8,8,1000000,zipfian-0.800000,0.8,4912.212,20.16,20.15,20.20,65.29,40.52
EIGER_PORT_PLUS_PLUS,128,0.9,128,5,8,8,1000000,zipfian-0.800000,0.8,5415.004,36.58,36.56,36.71,36.58,69.03
EIGER_PORT_PLUS_PLUS,256,0.9,128,5,8,8,1000000,zipfian-0.800000,0.8,5864.348,67.58,67.56,67.73,67.58,67.58
EIGER_PORT_PLUS_PLUS,512,0.9,128,5,8,8,1000000,zipfian-0.800000,0.8,6127.036,129.30,129.26,129.65,129.30,129.30
